Country,Province,City,Pop.,ABBR,Rent,Total COL,Sal,QOL,Prov. ABBR,Lat,Long
Belgium,Brussels,Anderlecht,"125,883",BE,1033,1889,3040,76,,50.8390983,4.3296526
Belgium,Flanders,Antwerp,"542,417",BE,909,1818,2918,91,,51.2211097,4.3997081
Belgium,Flanders,Bruges,"119,748",BE,1005,1868,2486,82,,51.2085526,3.226772
Belgium,Brussels,Brussels,"195,546",BE,1133,2028,3458,91,,50.8465573,4.351697
Belgium,Wallonia,Charleroi,"203,950",BE,928,1718,2345,87,,50.4116233,4.444528
Belgium,Flanders,Ghent,"269,191",BE,953,1811,2819,87,,51.0538286,3.7250121
Belgium,Wallonia,Liège,"194,994",BE,812,1599,3134,74,,50.6450944,5.5736112
Belgium,Flemish,Leuven,"103,868",BE,1100,1867,3283,91,,50.879202,4.7011675
Belgium,Wallonia,Namur,"114,007",BE,801,1588,2322,73,,50.4665284,4.8661892
Belgium,Brussels,Schaerbeek,"129,853",BE,1022,1854,3204,77,,50.8676041,4.3737121
Austria,Styria,Graz,"305,323",AT,788,1685,2905,87,,47.0708678,15.4382786
Austria,Tyrol,Innsbruck,"132,471",AT,1084,1917,2998,84,,47.2654296,11.3927685
Austria,Carinthia,Klagenfurt,"105,280",AT,857,1683,2216,80,,46.623943,14.3075976
Austria,Upper Austria,Linz,"213,574",AT,852,1760,2672,83,,48.3059078,14.286198
Austria,Salzburg,Salzburg,"157,652",AT,1057,1904,3419,85,,47.7981346,13.0464806
Austria,Vienna,Vienna,"2,028,399",AT,1089,2132,3535,95,,48.2083537,16.3725042
Belarus,Mogilev,Babruysk,"208,611",BY,131,406,473,42,,53.1449683,29.2281209
Belarus,Brest,Baranavichy,"172,150",BY,184,517,521,41,,53.1322925,26.0184156
Belarus,Minsk,Barysaw,"136,409",BY,273,561,576,48,,54.2240665,28.5117849
Belarus,Brest,Brest,"342,461",BY,203,528,475,42,,52.093751,23.6851851
Belarus,Gomel,Gomel,"501,802",BY,188,475,441,61,,52.4238936,31.0131698
Belarus,Grodno,Grodno,"358,717",BY,82,349,561,46,,53.6834599,23.8342648
Belarus,City of Minsk,Minsk,"1,995,471",BY,356,735,549,69,,53.9024716,27.5618225
Belarus,Mogilev,Mogilev,"353,338",BY,210,545,568,45,,53.9090245,30.3429838
Belarus,Brest,Pinsk,"124,613",BY,118,426,522,40,,52.1113862,26.1025274
Belarus,Vitebsk,Vitebsk,"359,148",BY,109,293,537,47,,55.1930197,30.2070437
Bulgaria,Burgas,Burgas,"194,993",BG,398,848,1029,73,,42.4936616,27.4721276
Bulgaria,Pleven,Pleven,"110,843",BG,264,667,966,67,,43.4809895,24.6060665
Bulgaria,Plovdiv,Plovdiv,"321,824",BG,372,836,1092,71,,42.1418541,24.7499297
Bulgaria,Ruse,Ruse,"139,226",BG,343,777,991,67,,43.8480413,25.9542057
Bulgaria,Sliven,Sliven,"111,392",BG,214,591,1380,57,,42.64169,26.2634283
Bulgaria,Sofia City,Sofia,"1,280,334",BG,629,1244,1061,78,,42.6977028,23.3217359
Bulgaria,Stara Zagora,Stara Zagora,"142,746",BG,291,703,1228,70,,42.4248111,25.6257479
Bulgaria,Varna,Varna,"319,900",BG,479,1039,1123,76,,43.2073873,27.9166653
Albania,Tirana,Tirana,"418,495",AL,630,1294,803,72,,41.3281482,19.8184435
Albania,Durrës,Durrës,"113,249",AL,418,945,824,57,,41.313255,19.4462348
France,Provence-Alpes-Côte d'Azur,Aix-en-Provence,"147,478",FR,966,1700,2167,84,PAC,43.5298424,5.4474738
France,Hauts-de-France,Amiens,"133,625",FR,614,1300,3716,73,HDF,49.8941708,2.2956951
France,Pays de la Loire,Angers,"157,175",FR,974,1715,3044,83,PDL,47.4739884,-0.5515588
France,Auvergne-Rhône-Alpes,Annecy,"131,715",FR,919,1727,2409,82,ARA,45.8992348,6.1288847
France,Île-de-France,Argenteuil,"107,221",FR,1175,1942,3285,79,IDF,48.9479069,2.2481797
France,Bourgogne-Franche-Comté,Besançon,"119,198",FR,563,1257,2245,82,BFC,47.2380222,6.0243622
France,Nouvelle-Aquitaine,Bordeaux,"261,804",FR,845,1680,2701,86,NAQ,44.841225,-0.5800364
France,Île-de-France,Boulogne-Billancourt,"119,808",FR,1498,2281,3577,93,IDF,48.8356649,2.240206
France,Brittany,Brest,"139,619",FR,513,1202,2533,81,BRE,48.3905283,-4.4860088
France,Normandy,Caen,"108,200",FR,727,1405,2597,68,NOR,49.1813403,-0.3635615
France,Auvergne-Rhône-Alpes,Clermont-Ferrand,"147,327",FR,734,1472,2649,80,ARA,45.7774551,3.0819427
France,Bourgogne-Franche-Comté,Dijon,"159,346",FR,719,1483,2282,81,BFC,47.3215806,5.0414701
France,Auvergne-Rhône-Alpes,Grenoble,"157,477",FR,771,1525,2798,86,ARA,45.1875602,5.7357819
France,Normandy,Le Havre,"166,058",FR,571,1256,2138,68,NOR,49.4938975,0.1079732
France,Hauts-de-France,Lille,"236,710",FR,837,1651,3036,85,HDF,50.6365654,3.0635282
France,Nouvelle-Aquitaine,Limoges,"129,760",FR,541,1250,2290,78,NAQ,45.8354243,1.2644847
France,Auvergne-Rhône-Alpes,Lyon,"522,250",FR,831,1693,3043,91,ARA,45.7578137,4.8320114
France,Pays de la Loire,Le Mans,"145,004",FR,588,1344,2913,68,PDL,48.0073849,0.1967849
France,Provence-Alpes-Côte d'Azur,Marseille,"873,076",FR,756,1733,2408,87,PAC,43.2961743,5.3699525
France,Grand Est,Metz,"120,874",FR,743,1526,2922,81,GES,49.1196964,6.1763552
France,Occitania,Montpellier,"302,454",FR,807,1593,2692,85,OCC,43.6112422,3.8767337
France,Île-de-France,Montreuil,"111,455",FR,1152,1957,2975,79,IDF,50.4638918,1.7631125
France,Grand Est,Mulhouse,"106,341",FR,624,1400,2232,83,GES,47.7467233,7.3389937
France,Grand Est,Nancy,"104,260",FR,684,1478,2473,79,GES,48.6937223,6.1834097
France,Pays de la Loire,Nantes,"323,204",FR,778,1574,2454,83,PDL,47.2186371,-1.5541362
France,Provence-Alpes-Côte d'Azur,Nice,"348,085",FR,992,1884,2400,83,PAC,43.7009358,7.2683912
France,Occitania,Nîmes,"148,104",FR,651,1340,2387,85,OCC,43.8374249,4.3600687
France,Centre-Val de Loire,Orléans,"116,617",FR,649,1335,3342,83,CVL,47.9027336,1.9086066
France,Île-de-France,Paris,"2,133,111",FR,1497,2517,3732,97,IDF,48.8534951,2.3483915
France,Occitania,Perpignan,"119,656",FR,657,1374,2124,76,OCC,42.6985304,2.8953121
France,Grand Est,Reims,"179,380",FR,715,1486,2194,79,GES,49.2577886,4.031926
France,Brittany,Rennes,"225,081",FR,694,1469,2779,85,BRE,48.1113387,-1.6800198
France,Normandy,Rouen,"114,083",FR,623,1279,2676,85,NOR,49.4404591,1.0939658
France,Île-de-France,Saint-Denis,"113,942",FR,1156,1932,3223,78,IDF,48.935773,2.3580232
France,Auvergne-Rhône-Alpes,Saint-Étienne,"172,718",FR,560,1239,2330,86,ARA,45.4401467,4.3873058
France,Grand Est,Strasbourg,"291,313",FR,800,1620,2781,83,GES,48.584614,7.7507127
France,Provence-Alpes-Côte d'Azur,Toulon,"180,452",FR,734,1478,2210,82,PAC,43.1257311,5.9304919
France,Occitania,Toulouse,"504,078",FR,812,1657,2886,90,OCC,43.6044638,1.4442433
France,Centre-Val de Loire,Tours,"137,658",FR,558,1286,2459,67,CVL,47.3900474,0.6889268
France,Auvergne-Rhône-Alpes,Villeurbanne,"156,928",FR,830,1638,3015,76,ARA,45.7733573,4.8868454
Denmark,Capital,Copenhagen,"659,350",DK,1451,2601,4591,98,,55.6867243,12.5700724
Denmark,Central,Aarhus,"343,533",DK,1137,2088,4171,91,,56.1496278,10.2134046
Denmark,North Jutland,Aalborg,"204,901",DK,898,1866,3522,86,,57.0462626,9.9215263
Denmark,Southern,Odense,"199,682",DK,851,1805,3673,91,,55.3997225,10.3852104
Denmark,Southern,Esbjerg,"105,229",DK,786,1657,5204,89,,55.4664892,8.4520751
Denmark,Capital,Frederiksberg,"104,899",DK,1622,2617,5094,82,,55.678016,12.5326186
Finland,Uusimaa,Helsinki,"674,963",FI,972,1947,3432,96,,60.1698897,24.9384719
Finland,Uusimaa,Espoo,"314,152",FI,943,1937,3781,96,,60.2049651,24.6559808
Finland,Pirkanmaa,Tampere,"255,066",FI,673,1422,3443,73,,61.4977929,23.7616372
Finland,Uusimaa,Vantaa,"247,447",FI,974,1881,2469,79,,60.292997,25.0435254
Finland,North Ostrobothnia,Oulu,"214,651",FI,723,1660,2722,83,,65.0117869,25.4701983
Finland,Southwest Finland,Turku,"201,889",FI,706,1545,3069,87,,60.4515944,22.2669983
Finland,Central Finland,Jyväskylä,"147,821",FI,681,1500,3236,85,,62.241672,25.7495806
Finland,Northern Savonia,Kuopio,"124,011",FI,732,1524,2679,67,,62.8924641,27.6783597
Finland,Päijänne Tavastia,Lahti,"120,693",FI,781,1618,2667,84,,60.9826257,25.66137
Croatia,Grad Zagreb,Zagreb,"768,624",HR,754,1437,1950,80,,45.8130967,15.9772795
Croatia,Split-Dalmatia,Split,"159,008",HR,909,1623,1570,71,,43.5116383,16.4399659
Croatia,Primorje-Gorski Kotar,Rijeka,"106,579",HR,683,1316,1500,73,,45.3267976,14.442208
Estonia,Harju,Tallinn,"437,817",EE,807,1601,1941,87,,59.4372419,24.7572802
Germany,North Rhine-Westphalia,Aachen,"245,900",DE,872,1668,3384,90,NW,50.776351,6.083862
Germany,Bavaria,Augsburg,"286,400",DE,1093,1954,3718,90,BY,48.3690341,10.8979522
Germany,North Rhine-Westphalia,Bergisch Gladbach,"111,400",DE,963,1726,3483,81,NW,50.9929303,7.1277379
Germany,Berlin,Berlin,"3,520,000",DE,1217,2222,3412,96,BB,52.5173885,13.3951309
Germany,North Rhine-Westphalia,Bielefeld,"333,000",DE,801,1611,3396,90,NW,52.0191005,8.531007
Germany,North Rhine-Westphalia,Bochum,"364,700",DE,717,1560,2740,79,NW,51.4818111,7.2196635
Germany,North Rhine-Westphalia,Bonn,"318,800",DE,1110,1957,4013,95,NW,50.7352621,7.1024635
Germany,North Rhine-Westphalia,Bottrop,"117,100",DE,692,1474,2757,78,NW,51.521581,6.929204
Germany,Lower Saxony,Braunschweig,"251,400",DE,701,1534,4290,78,NI,52.2646577,10.5236066
Germany,Bremen,Bremen,"557,500",DE,899,1785,3265,91,HB,53.0758196,8.8071646
Germany,Bremen,Bremerhaven,"114,000",DE,1084,1796,3106,73,HB,53.5505392,8.5851945
Germany,Saxony,Chemnitz,"248,600",DE,609,1385,2767,88,SN,50.8323531,12.918914
Germany,North Rhine-Westphalia,Cologne,"1,060,600",DE,1091,1968,3266,96,NW,50.938361,6.959974
Germany,Hesse,Darmstadt,"155,400",DE,1019,1793,3568,93,HE,49.872775,8.651177
Germany,North Rhine-Westphalia,Dortmund,"586,200",DE,762,1632,3427,93,NW,51.5142273,7.4652789
Germany,Saxony,Dresden,"543,800",DE,755,1555,3206,89,SN,51.0493286,13.7381437
Germany,North Rhine-Westphalia,Duisburg,"491,200",DE,561,1340,2577,80,NW,51.434999,6.759562
Germany,North Rhine-Westphalia,Düsseldorf,"612,200",DE,1090,1979,3937,96,NW,51.2254018,6.7763137
Germany,Thuringia,Erfurt,"210,100",DE,714,1527,3419,75,TH,50.9777974,11.0287364
Germany,Bavaria,Erlangen,"108,300",DE,910,1688,4577,92,BY,49.5891571,10.9812072
Germany,North Rhine-Westphalia,Essen,"582,600",DE,666,1516,3571,96,NW,51.4582235,7.0158171
Germany,Hesse,Frankfurt,"732,700",DE,1245,2182,4614,95,HE,50.1106444,8.6820917
Germany,Baden-Württemberg,Freiburg im Breisgau,"226,400",DE,927,1738,3682,88,BW,47.9960901,7.8494005
Germany,Bavaria,Fürth,"124,200",DE,896,1679,3746,77,BY,49.4885711,10.9587203
Germany,North Rhine-Westphalia,Gelsenkirchen,"260,400",DE,726,1506,2335,91,NW,51.5110321,7.0960124
Germany,Lower Saxony,Göttingen,"119,000",DE,800,1578,2816,73,NI,51.5328328,9.9351811
Germany,North Rhine-Westphalia,Hagen,"189,000",DE,763,1567,3102,78,NW,51.3582945,7.473296
Germany,Saxony-Anhalt,Halle,"237,000",DE,596,1388,3303,92,ST,51.4824354,11.9712985
Germany,Hamburg,Hamburg,"1,747,400",DE,1127,2172,3668,95,HH,53.550341,10.000654
Germany,North Rhine-Westphalia,Hamm,"179,400",DE,754,1515,2146,73,NW,50.0165178,6.4184628
Germany,Lower Saxony,Hanover,"532,200",DE,891,1828,2914,93,NI,52.3744779,9.7385532
Germany,Baden-Württemberg,Heidelberg,"156,300",DE,1121,1991,3986,91,BW,49.4093582,8.694724
Germany,Baden-Württemberg,Heilbronn,"122,600",DE,1124,1909,2780,74,BW,49.142291,9.218655
Germany,North Rhine-Westphalia,Herne,"155,900",DE,844,1631,2191,89,NW,51.5380394,7.219985
Germany,Lower Saxony,Hildesheim,"101,700",DE,841,1619,2101,74,NI,52.1527188,9.9518083
Germany,Bavaria,Ingolstadt,"132,400",DE,907,1659,3399,75,BY,48.7630165,11.4250395
Germany,Thuringia,Jena,"109,500",DE,657,1320,3670,76,TH,50.9281717,11.5879359
Germany,Baden-Württemberg,Karlsruhe,"307,800",DE,981,1891,3046,89,BW,49.0068705,8.4034195
Germany,Hesse,Kassel,"198,000",DE,715,1509,2761,86,HE,51.3157833,9.4978479
Germany,Schleswig-Holstein,Kiel,"246,300",DE,866,1678,2775,86,SH,54.3227085,10.135555
Germany,Rhineland-Palatinate,Koblenz,"112,600",DE,822,1583,3498,76,RP,50.3533278,7.5943951
Germany,North Rhine-Westphalia,Krefeld,"225,100",DE,796,1626,2717,78,NW,51.3331205,6.5623343
Germany,Saxony,Leipzig,"560,500",DE,856,1690,3010,92,SN,51.3406321,12.3747329
Germany,North Rhine-Westphalia,Leverkusen,"163,500",DE,1240,2037,4167,82,NW,51.0324743,6.9881194
Germany,Schleswig-Holstein,Lübeck,"216,300",DE,934,1743,3206,75,SH,53.866444,10.684738
Germany,Rhineland-Palatinate,Ludwigshafen,"164,700",DE,1107,1890,3675,76,RP,49.4704113,8.4381568
Germany,Saxony-Anhalt,Magdeburg,"235,700",DE,606,1411,2929,73,ST,52.1314783,11.6400789
Germany,Rhineland-Palatinate,Mainz,"209,800",DE,907,1736,3334,79,RP,49.9995205,8.2736253
Germany,Baden-Württemberg,Mannheim,"305,800",DE,1002,1825,4964,94,BW,49.4892913,8.4673098
Germany,North Rhine-Westphalia,Moers,"104,500",DE,741,1525,2913,78,NW,51.451283,6.62843
Germany,North Rhine-Westphalia,Mönchengladbach,"260,000",DE,843,1651,3057,79,NW,51.1947131,6.4353792
Germany,North Rhine-Westphalia,Mülheim,"169,300",DE,760,1543,2836,79,NW,51.4272925,6.8829192
Germany,Bavaria,Munich,"1,450,400",DE,1467,2463,3954,94,BY,48.1371079,11.5753822
Germany,North Rhine-Westphalia,Münster,"310,000",DE,1064,1887,3381,89,NW,51.9625101,7.6251879
Germany,North Rhine-Westphalia,Neuss,"155,400",DE,879,1650,2654,92,NW,51.1981778,6.6916476
Germany,Bavaria,Nuremberg,"510,000",DE,898,1767,3627,92,BY,49.453872,11.077298
Germany,North Rhine-Westphalia,Oberhausen,"211,000",DE,797,1605,2531,78,NW,51.4696137,6.8514435
Germany,Hesse,Offenbach am Main,"211,000",DE,924,1730,2885,77,HE,50.1055002,8.7610698
Germany,Lower Saxony,Oldenburg,"163,800",DE,949,1727,3179,88,NI,53.1389753,8.2146017
Germany,Lower Saxony,Osnabrück,"162,400",DE,702,1432,2605,74,NI,52.2719595,8.047635
Germany,North Rhine-Westphalia,Paderborn,"148,100",DE,810,1589,2694,73,NW,51.7177044,8.752653
Germany,Baden-Württemberg,Pforzheim,"122,200",DE,791,1565,3118,77,BW,48.890934,8.7025509
Germany,Brandenburg,Potsdam,"167,700",DE,1071,1902,3440,79,BB,52.4009309,13.0591397
Germany,North Rhine-Westphalia,Recklinghausen,"114,300",DE,710,1535,2901,76,NW,51.6143815,7.1978546
Germany,Bavaria,Regensburg,"145,500",DE,902,1720,3448,88,BY,49.0195333,12.0974869
Germany,North Rhine-Westphalia,Remscheid,"109,500",DE,831,1608,2878,79,NW,51.1798706,7.1943544
Germany,Baden-Württemberg,Reutlingen,"114,310",DE,1008,1876,3479,91,BW,48.4919508,9.2114144
Germany,Mecklenburg-Vorpommern,Rostock,"206,000",DE,685,1481,2603,84,MV,54.0886707,12.1400211
Germany,Saarland,Saarbrücken,"178,200",DE,701,1479,3157,87,SL,49.234362,6.996379
Germany,Lower Saxony,Salzgitter,"101,100",DE,750,1511,1759,71,NI,52.1503721,10.3593147
Germany,North Rhine-Westphalia,Siegen,"102,400",DE,758,1450,2727,74,NW,50.8751175,8.0256131
Germany,North Rhine-Westphalia,Solingen,"158,700",DE,872,1691,4494,84,NW,51.1721629,7.0845893
Germany,Baden-Württemberg,Stuttgart,"623,700",DE,1276,2207,3556,93,BW,48.7784485,9.1800132
Germany,Rhineland-Palatinate,Trier,"114,900",DE,862,1725,2897,86,RP,49.7596208,6.6441878
Germany,Baden-Württemberg,Ulm,"122,636",DE,1027,1845,3839,88,BW,48.3984968,9.9912458
Germany,Hesse,Wiesbaden,"276,200",DE,1039,1922,3900,94,HE,50.0820384,8.2416556
Germany,Lower Saxony,Wolfsburg,"124,000",DE,653,1413,4398,77,NI,52.4205588,10.7861682
Germany,North Rhine-Westphalia,Wuppertal,"350,000",DE,653,1488,3021,81,NW,51.264018,7.1780374
Germany,Bavaria,Würzburg,"124,900",DE,688,1307,3422,74,BY,49.7780356,9.9434769
Italy,Apulia,Bari,"316,736",IT,799,1588,1851,81,AP,41.1257843,16.8620293
Italy,Lombardy,Bergamo,"119,809",IT,773,1547,2227,85,LO,45.7566557,9.7542192
Italy,Emilia-Romagna,Bologna,"389,200",IT,895,1727,2097,85,ER,44.4938203,11.3426327
Italy,Trentino-Alto Adige/Südtirol,Bolzano,"106,410",IT,841,1518,2006,62,TT,46.6559455,11.2302129
Italy,Lombardy,Brescia,"197,236",IT,883,1762,1983,82,LO,45.7795805,10.425873
Italy,Sardinia,Cagliari,"148,296",IT,761,1586,1821,77,SA,39.2171994,9.113311
Italy,Sicily,Catania,"299,730",IT,588,1298,1992,81,SI,37.5023612,15.0873718
Italy,Emilia-Romagna,Ferrara,"129,724",IT,647,1393,1680,81,ER,44.7667642,11.827939
Italy,Tuscany,Florence,"362,742",IT,964,1785,2001,85,TU,43.7697955,11.2556404
Italy,Apulia,Foggia,"146,017",IT,631,1334,1782,77,AP,41.5028106,15.4528939
Italy,Emilia-Romagna,Forlì,"116,726",IT,858,1614,2124,79,ER,44.2227278,12.041273
Italy,Liguria,Genoa,"561,191",IT,769,1620,2028,81,LI,44.40726,8.9338624
Italy,Campania,Giugliano in Campania,"124,222",IT,685,1389,1685,69,CM,40.9283217,14.2011232
Italy,Lazio,Latina,"127,719",IT,664,1345,1908,81,LZ,41.4595261,13.0125912
Italy,Tuscany,Livorno,"153,859",IT,736,1510,1634,84,TU,42.7902379,10.3402239
Italy,Sicily,Messina,"219,387",IT,532,1176,1820,78,SI,38.1937571,15.5542082
Italy,Lombardy,Milan,"1,358,420",IT,1295,2307,2386,88,LO,45.4641943,9.1896346
Italy,Emilia-Romagna,Modena,"184,836",IT,853,1700,1965,83,ER,44.5384728,10.9359609
Italy,Lombardy,Monza,"122,369",IT,917,1764,1991,85,LO,45.6395418,9.2788304
Italy,Campania,Naples,"917,510",IT,828,1605,1788,86,CM,40.8358846,14.2487679
Italy,Piedmont,Novara,"101,797",IT,578,1264,1955,85,PI,45.58425,8.545997
Italy,Veneto,Padua,"207,112",IT,951,1769,2020,83,VE,45.4077172,11.8734455
Italy,Sicily,Palermo,"632,499",IT,611,1301,1505,78,SI,38.1112268,13.3524434
Italy,Emilia-Romagna,Parma,"197,018",IT,787,1589,1922,79,ER,44.6952006,10.0979869
Italy,Umbria,Perugia,"162,367",IT,527,1215,1690,79,UM,43.1070321,12.4029962
Italy,Abruzzo,Pescara,"118,829",IT,513,1166,2031,64,AB,42.3102619,13.9575901
Italy,Emilia-Romagna,Piacenza,"102,728",IT,750,1582,2054,67,ER,44.8476352,9.6665313
Italy,Tuscany,Prato,"196,317",IT,793,1607,2042,71,TU,43.9357181,11.0941473
Italy,Emilia-Romagna,Ravenna,"156,050",IT,620,1384,1745,77,ER,44.3640607,12.0590095
Italy,Calabria,Reggio Calabria,"171,181",IT,498,1161,1223,75,CA,38.1035389,15.6397556
Italy,Emilia-Romagna,Reggio Emilia,"170,451",IT,656,1446,1979,81,ER,44.6086674,10.5940667
Italy,Emilia-Romagna,Rimini,"149,681",IT,777,1567,1917,76,ER,43.9465433,12.630749
Italy,Lazio,Rome,"2,755,309",IT,1128,2020,2219,89,LZ,41.8933203,12.4829321
Italy,Campania,Salerno,"127,485",IT,797,1518,1653,81,CM,40.4194417,15.3106085
Italy,Sardinia,Sassari,"121,409",IT,586,1269,1457,72,SA,40.7234746,8.5612674
Italy,Sicily,Syracuse,"116,635",IT,578,1232,1579,74,SI,37.0646139,15.2907196
Italy,Apulia,Taranto,"188,310",IT,603,1311,1580,76,AP,40.5488156,17.0805801
Italy,Umbria,Terni,"106,793",IT,451,1101,1625,79,UM,42.6539486,12.4396528
Italy,Trentino-Alto Adige/Südtirol,Trento,"118,277",IT,833,1612,2043,65,TT,46.1029536,11.1297425
Italy,Friuli-Venezia Giulia,Trieste,"199,032",IT,813,1600,1818,78,FG,45.6496485,13.7772781
Italy,Piedmont,Turin,"847,398",IT,762,1582,1975,85,PI,45.0677551,7.6824892
Italy,Veneto,Venice,"250,913",IT,869,1704,1781,82,VE,45.4371908,12.3345898
Italy,Veneto,Verona,"256,049",IT,845,1657,2105,84,VE,45.4424977,10.9857377
Italy,Veneto,Vicenza,"110,283",IT,804,1574,1926,81,VE,45.6348591,11.4063543
Greece,Attica,Athens,"643,452",GR,710,1436,1185,82,,37.9755648,23.7348324
Greece,Western Greece,Patras,"169,886",GR,531,1111,1057,71,,38.246242,21.7350847
Greece,Crete,Heraklion,"145,440",GR,613,1256,1108,74,,35.33908,25.1332843
Greece,Thessaly,Larissa,"146,377",GR,533,1149,1015,71,,39.6383092,22.4160706
Greece,Attica,Piraeus,"168,151",GR,539,1177,1106,66,,37.9431594,23.6470593
Greece,Thessaly,Volos,"139,670",GR,475,1101,968,56,,39.3624833,22.9401864
Greece,Attica,Peristeri,"133,630",GR,574,1192,796,64,,38.0128111,23.6955137
Greece,Central Macedonia,Thessaloniki,"309,617",GR,569,1225,1130,78,,40.6403167,22.9352716
Hungary,Central Hungary,Budapest,"1,671,004",HU,707,1377,1503,82,,47.4813896,19.1460941
Hungary,Northern Great Plain,Debrecen,"201,582",HU,563,1058,1067,68,,47.531399,21.6259782
Hungary,Western Transdanubia,Győr,"130,020",HU,404,861,1269,57,,47.6835029,17.6342832
Hungary,Southern Great Plain,Kecskemét,"109,731",HU,455,895,1062,70,,46.9073883,19.6917206
Hungary,Northern Hungary,Miskolc,"145,248",HU,432,913,1109,68,,48.1030643,20.7900429
Hungary,Northern Great Plain,Nyíregyháza,"115,711",HU,328,735,1450,56,,47.9557802,21.7167982
Hungary,Southern Transdanubia,Pécs,"141,031",HU,499,1033,858,66,,46.0765092,18.2280317
Hungary,Southern Great Plain,Szeged,"158,829",HU,432,934,1261,68,,46.2546312,20.1486016
Ireland,Dublin,Dublin,"592,713",IE,1880,2858,4105,96,,53.3493795,-6.2605593
Ireland,Cork,Cork,"131,423",IE,1584,2472,3327,88,,51.8985136,-8.4726423
Iceland,Capital,Reykjavík,"136,894",IS,2025,3268,4361,91,,64.145981,-21.9422367
Netherlands,Flevoland,Almere,"226,438",NL,1339,2230,3374,92,,52.4417513,5.2092943
Netherlands,North Holland,Amsterdam,"935,521",NL,2031,3118,4702,96,,52.3730796,4.8924534
Netherlands,Gelderland,Apeldoorn,"168,265",NL,1292,2154,3347,89,,52.1795738,5.9300775
Netherlands,Gelderland,Arnhem,"167,671",NL,1129,1986,4461,92,,52.0056642,5.8762345
Netherlands,North Brabant,Breda,"188,277",NL,1139,2087,4074,93,,51.5887845,4.7760237
Netherlands,South Holland,Delft,"109,452",NL,1383,2228,3576,91,,51.9994572,4.3627245
Netherlands,Overijssel,Deventer,"103,456",NL,1313,2107,2908,88,,52.2694896,6.2364886
Netherlands,Gelderland,Ede,"123,545",NL,1030,1860,2453,88,,52.0716825,5.7455106
Netherlands,North Brabant,Eindhoven,"246,581",NL,1327,2199,4013,94,,51.4392648,5.478633
Netherlands,Drenthe,Emmen,"109,311",NL,878,1704,2877,72,,52.7528662,6.9525135
Netherlands,Overijssel,Enschede,"161,947",NL,1246,2121,3472,87,,52.2233632,6.8705957
Netherlands,Groningen,Groningen,"244,003",NL,1071,1951,3120,85,,53.2190652,6.5680077
Netherlands,North Holland,Haarlem,"167,752",NL,1626,2589,3686,93,,52.3837058,4.6435597
Netherlands,South Holland,The Hague,"565,817",NL,1568,2581,4532,95,,52.0799838,4.3113461
Netherlands,Friesland,Leeuwarden,"128,845",NL,1129,1982,2800,70,,53.2005936,5.7918548
Netherlands,South Holland,Leiden,"130,269",NL,1397,2222,4593,95,,52.1518157,4.4811089
Netherlands,Limburg,Maastricht,"125,464",NL,1333,2181,3610,88,,50.8512438,5.6909768
Netherlands,Gelderland,Nijmegen,"186,798",NL,1240,2164,3188,90,,51.8425749,5.8389606
Netherlands,South Holland,Rotterdam,"671,221",NL,1599,2615,3894,94,,51.9244424,4.47775
Netherlands,North Brabant,Tilburg,"229,940",NL,1290,2238,3562,93,,51.5856184,5.0660616
Netherlands,Utrecht,Utrecht,"374,409",NL,1787,2718,4136,95,,52.0907006,5.1215634
Netherlands,Limburg,Venlo,"103,688",NL,1121,1942,3938,76,,51.3924489,6.1511724
Netherlands,Overijssel,Zwolle,"133,065",NL,1168,1992,3073,87,,52.5089759,6.0943765
Norway,Oslo,Oslo,"717,710",NO,1569,2721,3963,95,,59.9133301,10.7389701
Norway,Vestland,Bergen,"291,940",NO,1148,2242,3736,93,,60.3943055,5.3259192
Norway,Trøndelag,Trondheim,"214,565",NO,1241,2284,4097,88,,63.4304475,10.3952118
Norway,Rogaland,Stavanger,"149,048",NO,1356,2341,3990,87,,58.9699675,5.7318101
Norway,Østfold,Fredrikstad,"130,921",NO,1164,2181,3009,72,,59.1862013,10.8680241
Norway,Agder,Kristiansand,"116,986",NO,705,1497,3666,70,,58.0856276,7.931858
Norway,Buskerud,Drammen,"104,487",NO,890,1741,3317,77,,59.6964936,10.175642
Moldova, Transnistria,Tiraspol,"133,807",MD,186,546,264,41,,46.8566229,29.6059359
Lithuania,Vilnius,Vilnius,"592,156",LT,764,1414,1836,83,,54.6870458,25.2829111
Lithuania,Kaunas,Kaunas,"304,210",LT,667,1334,1428,78,,54.8982139,23.9044817
Lithuania,Šiauliai,Šiauliai,"110,463",LT,474,967,1325,72,,55.9340823,23.3157775
Latvia,Riga,Riga,"620,974",LV,619,1270,1509,82,,56.9493977,24.1051846
Luxembourg,Luxembourg,Luxembourg,"134,697",LU,1866,2776,5130,89,,49.8158683,6.1296751
Montenegro,Podgorica,Podgorica,"173,024",ME,539,1047,1100,69,,42.4415238,19.2621081
Spain,Castilla–La Mancha,Albacete,"173,206",ES,831,1464,1945,74,,38.9950921,-1.8559154
Spain,Community of Madrid,Alcalá de Henares,"199,184",ES,867,1573,1673,85,,40.481954,-3.363981
Spain,Community of Madrid,Alcobendas,"119,416",ES,988,1656,2594,74,,40.5400082,-3.6358494
Spain,Andalusia,Algeciras,"123,639",ES,457,987,1980,64,,36.1311725,-5.4473991
Spain,Valencian Community,Alicante,"349,282",ES,816,1461,1921,86,,38.3436365,-0.4881708
Spain,Andalusia,Almería,"200,578",ES,623,1298,1423,74,,36.8414197,-2.4628135
Spain,Extremadura,Badajoz,"150,190",ES,604,1200,1524,74,,38.878187,-6.9701115
Spain,Catalonia,Badalona,"225,957",ES,1479,2170,2126,73,,41.4493539,2.248254
Spain,Catalonia,Barcelona,"1,660,122",ES,1268,2087,2248,90,,41.3825802,2.177073
Spain,Basque Country,Bilbao,"346,096",ES,952,1660,2067,81,,43.2630018,-2.9350039
Spain,Castile and León,Burgos,"174,451",ES,717,1343,2060,77,,42.343926,-3.696977
Spain,Andalusia,Cádiz,"111,811",ES,924,1501,1938,77,,36.5297438,-6.2928976
Spain,Region of Murcia,Cartagena,"218,050",ES,630,1206,1819,79,,37.6152488,-0.9876857
Spain,Valencian Community,Castellón de la Plana,"176,238",ES,613,1158,1785,70,,39.9860347,-0.0377354
Spain,Andalusia,Córdoba,"323,763",ES,657,1233,1900,77,,37.8845813,-4.7760138
Spain,Galicia,A Coruña,"247,376",ES,697,1352,1760,78,,43.3709703,-8.3959425
Spain,Andalusia,Dos Hermanas,"138,981",ES,800,1359,1847,66,,37.283689,-5.9226718
Spain,Valencian Community,Elche,"238,293",ES,613,1277,1658,84,,38.2653307,-0.6988391
Spain,Community of Madrid,Fuenlabrada,"188,736",ES,897,1592,1743,72,,40.282476,-3.7923422
Spain,Asturias,Gijón,"268,313",ES,707,1389,1966,76,,43.5449422,-5.66275
Spain,Catalonia,Girona,"104,320",ES,973,1580,1895,79,,41.9793006,2.8199439
Spain,Andalusia,Granada,"230,595",ES,712,1334,2044,79,,37.1734995,-3.5995337
Spain,Andalusia,Huelva,"142,532",ES,680,1265,1525,76,,37.2575874,-6.9484945
Spain,Andalusia,Jaén,"111,888",ES,556,1133,1423,61,,37.9553976,-3.4937431
Spain,Andalusia,Jérez de la Frontera,"213,231",ES,465,989,1694,66,,36.6816936,-6.1377402
Spain,Castile and León,León,"121,281",ES,738,1303,1999,75,,42.5989995,-5.5682413
Spain,Catalonia,Lleida,"143,094",ES,596,1229,1759,63,,41.6147605,0.6267842
Spain,La Rioja,Logroño,"150,583",ES,568,1118,2049,67,,42.4661196,-2.4396676
Spain,Community of Madrid,Madrid,"3,332,035",ES,1177,2015,2580,92,,40.416782,-3.703507
Spain,Andalusia,Málaga,"586,384",ES,929,1617,1700,80,,36.7213028,-4.4216366
Spain,Andalusia,Marbella,"156,295",ES,1273,1924,2160,78,,36.508976,-4.88562
Spain,Catalonia,Mataró,"129,870",ES,902,1575,1975,71,,41.5398348,2.4448926
Spain,Community of Madrid,Móstoles,"211,265",ES,1024,1703,1560,71,,40.3238525,-3.8649214
Spain,Region of Murcia,Murcia,"469,177",ES,661,1305,1750,82,,37.9923795,-1.1305431
Spain,Galicia,Ourense,"104,250",ES,569,1147,1514,74,,42.1939629,-7.537124
Spain,Asturias,Oviedo,"217,584",ES,659,1300,2193,77,,43.3618625,-5.8483581
Spain,Balearic Islands,Palma de Mallorca,"423,350",ES,1186,1930,1846,79,,39.5695818,2.6500745
Spain,Canary Islands,Las Palmas,"378,027",ES,826,1484,1761,81,,27.9580004,-15.6062305
Spain,Navarre,Pamplona,"205,762",ES,900,1585,1953,79,,42.8181992,-1.6440089
Spain,Catalonia,Sabadell,"218,300",ES,984,1637,2228,87,,41.5421013,2.1138977
Spain,Castile and León,Salamanca,"143,954",ES,625,1189,1636,78,,40.9651572,-5.6640182
Spain,Canary Islands,San Cristóbal de La Laguna,"159,034",ES,899,1539,1732,63,,28.4857715,-16.3159422
Spain,Basque Country,San Sebastián,"188,743",ES,985,1673,2636,81,,43.3224219,-1.9838889
Spain,Canary Islands,Santa Cruz de Tenerife,"209,395",ES,912,1567,1741,78,,28.467178,-16.2507843
Spain,Cantabria,Santander,"172,726",ES,691,1372,2027,79,,43.4618932,-3.8100255
Spain,Andalusia,Seville,"684,025",ES,753,1393,1817,82,,37.3886303,-5.9953403
Spain,Catalonia,Tarragona,"138,262",ES,855,1445,1907,80,,41.1172364,1.2546057
Spain,Catalonia,Terrassa,"225,277",ES,895,1590,2352,74,,41.5629623,2.0100492
Spain,Community of Madrid,Torrejón de Ardoz,"137,711",ES,916,1581,2161,73,,40.4587767,-3.4793343
Spain,Valencian Community,Valencia,"807,693",ES,962,1703,2415,89,,39.4697065,-0.3763353
Spain,Castile and León,Valladolid,"297,459",ES,634,1367,2235,80,,41.6521807,-4.728605
Spain,Galicia,Vigo,"293,652",ES,667,1302,1964,65,,42.2376602,-8.7247205
Spain,Basque Country,Vitoria-Gasteiz,"255,886",ES,1031,1685,2094,81,,42.8465088,-2.6724025
Spain,Aragon,Zaragoza,"682,513",ES,761,1457,1744,77,,41.6521342,-0.8809428
Poland,Podlaskie,Białystok,"292,058",PL,654,1148,1323,74,,53.1275051,23.1470509
Poland,Silesian,Bielsko-Biała,"166,189",PL,693,1201,1265,75,,49.8120785,19.0291988
Poland,Kuyavian-Pomeranian,Bydgoszcz,"328,370",PL,588,1103,1301,75,,53.1297127,18.0294488
Poland,Silesian,Bytom,"148,687",PL,565,1043,1469,64,,50.3470387,18.9231857
Poland,Silesian,Chorzów,"101,184",PL,552,1038,1496,78,,50.2884726,18.9703798
Poland,Silesian,Częstochowa,"207,117",PL,570,1033,1256,76,,50.8120466,19.113213
Poland,Silesian,Dąbrowa Górnicza,"114,148",PL,587,1077,1278,77,,50.369624,19.2890465
Poland,Warmian-Masurian,Elbląg,"113,195",PL,632,1074,1384,61,,54.1988997,19.4410857
Poland,Pomeranian,Gdańsk,"486,492",PL,917,1519,1766,81,,54.4288032,18.798327
Poland,Pomeranian,Gdynia,"242,141",PL,891,1478,2090,81,,54.5233304,18.6040279
Poland,Silesian,Gliwice,"170,457",PL,572,1026,1469,64,,50.294113,18.6657306
Poland,Lubusz,Gorzów Wielkopolski,"115,847",PL,596,1113,1235,70,,52.7309926,15.2400451
Poland,Silesian,Katowice,"279,119",PL,631,1137,1576,79,,50.2598987,19.0215852
Poland,Świętokrzyskie,Kielce,"183,147",PL,609,1097,1414,74,,50.8540285,20.6099157
Poland,West Pomeranian,Koszalin,"105,905",PL,623,1089,1323,56,,54.2071799,16.2175411
Poland,Lesser Poland,Kraków,"804,237",PL,960,1580,1891,83,,50.0619474,19.9368564
Poland,Łódź,Łódź,"655,279",PL,712,1338,1620,78,,51.7728245,19.4784857
Poland,Lublin,Lublin,"330,447",PL,790,1323,1364,77,,51.2181945,22.5546776
Poland,Warmian-Masurian,Olsztyn,"167,844",PL,695,1182,1355,70,,53.776644,20.4777531
Poland,Opole,Opole,"126,300",PL,758,1230,1476,74,,50.6787929,17.9298844
Poland,Masovian,Płock,"111,927",PL,703,1166,1278,71,,52.5464521,19.7008606
Poland,Greater Poland,Poznań,"540,146",PL,836,1420,1831,80,,52.4006632,16.9197326
Poland,Masovian,Radom,"196,918",PL,564,1008,1103,73,,51.4171606,21.1609448
Poland,Silesian,Ruda Śląska,"131,062",PL,607,1085,1594,64,,50.2858001,18.8747933
Poland,Silesian,Rybnik,"131,323",PL,541,1010,1351,76,,50.1105691,18.5531874
Poland,Podkarpackie,Rzeszów,"197,536",PL,689,1200,2063,74,,50.013319,22.0161677
Poland,Silesian,Sosnowiec,"188,151",PL,600,1093,1255,77,,50.2712401,19.2155628
Poland,West Pomeranian,Szczecin,"390,278",PL,668,1166,1577,77,,53.4298114,14.5928676
Poland,Lesser Poland,Tarnów,"103,515",PL,518,966,1073,73,,50.0259883,20.9640584
Poland,Kuyavian-Pomeranian,Toruń,"195,263",PL,484,926,1637,76,,53.0145361,18.5965831
Poland,Silesian,Tychy,"122,605",PL,569,1054,1473,64,,50.1264981,19.0067846
Poland,Lower Silesian,Wałbrzych,"101,082",PL,499,1015,1253,59,,50.7659054,16.2825424
Poland,Masovian,Warsaw,"1,861,644",PL,1217,1978,2042,85,,52.2319581,21.0067249
Poland,Kuyavian-Pomeranian,Włocławek,"101,450",PL,569,902,1083,70,,52.6655636,19.0961297
Poland,Lower Silesian,Wrocław,"674,132",PL,977,1592,1688,79,,51.1263106,16.9781963
Poland,Silesian,Zabrze,"154,642",PL,717,1147,1489,64,,50.3142806,18.7815763
Poland,Lubusz,Zielona Góra,"139,132",PL,640,1107,1490,71,,51.9383777,15.5050408
Romania,Arad,Arad,"145,078",RO,295,708,837,70,,46.1753793,21.3196342
Romania,Bacău,Bacău,"136,087",RO,264,724,978,55,,46.4228703,26.7163991
Romania,Maramureș,Baia Mare,"108,759",RO,266,714,755,50,,47.6565584,23.5719843
Romania,Brăila,Brăila,"154,686",RO,390,871,992,67,,45.2716092,27.9742932
Romania,Bucharest,Bucharest,"1,716,961",RO,525,1116,1391,81,,44.4361414,26.1027202
Romania,Buzău,Buzău,"103,481",RO,427,857,917,66,,45.2692582,26.7748173
Romania,Cluj,Cluj-Napoca,"286,598",RO,660,1193,1337,74,,46.769379,23.5899542
Romania,Dolj,Craiova,"234,140",RO,450,909,1176,70,,44.3190159,23.7965614
Romania,Bihor,Oradea,"183,105",RO,378,839,905,67,,47.0549163,21.9285231
Romania,Sibiu,Sibiu,"134,309",RO,393,805,1128,69,,45.7973912,24.1519202
Sweden,Västra Götaland,Gothenburg,"655,100",SE,902,1823,3793,94,,57.7072326,11.9670171
Sweden,Skåne,Helsingborg,"113,800",SE,729,1485,3214,88,,56.0442098,12.703706
Sweden,Jönköping,Jönköping,"101,100",SE,747,1528,2770,85,,57.7825634,14.165719
Sweden,Östergötland,Linköping,"119,000",SE,717,1530,3492,85,,58.4098135,15.6245252
Sweden,Skåne,Malmö,"324,000",SE,875,1757,3358,90,,55.6052931,13.0001566
Sweden,Örebro,Örebro,"126,000",SE,578,1325,3224,86,,59.2747287,15.2151181
Sweden,Stockholm,Stockholm,"1,766,100",SE,1271,2297,3571,96,,59.3251172,18.0710935
Sweden,Uppsala,Uppsala,"167,300",SE,823,1650,2709,92,,59.8586126,17.6387436
Sweden,Västmanland,Västerås,"128,500",SE,711,1494,3402,89,,59.6110992,16.5463679
Sweden,Gävleborg,Gävle,"105,000",SE,752,1483,3239,71,,60.6750132,17.1467019
Portugal,Lisbon,Amadora,"174,511",PT,931,1481,1137,82,,38.758959,-9.2365233
Portugal,North,Braga,"197,594",PT,777,1337,1236,80,,41.5510583,-8.4280045
Portugal,Lisbon,Cascais,"213,928",PT,1085,1656,2431,86,,38.6968919,-9.4204495
Portugal,Central,Coimbra,"142,252",PT,699,1260,1359,78,,40.2111931,-8.4294632
Portugal,Madeira,Funchal,"106,429",PT,1028,1561,1069,73,,32.6496497,-16.9086783
Portugal,Lisbon,Lisbon,"548,703",PT,1221,1889,1510,84,,38.7077507,-9.1365919
Portugal,Lisbon,Loures,"203,724",PT,923,1509,863,67,,38.8308741,-9.1684512
Portugal,North,Porto,"240,592",PT,916,1499,1401,82,,41.1502195,-8.6103497
Portugal,Lisbon,Sintra,"388,767",PT,978,1577,1490,70,,38.8355446,-9.3522371
Portugal,North,Vila Nova de Gaia,"307,563",PT,847,1457,1676,84,,41.1292264,-8.6057396
Switzerland,Basel-Stadt,Basel,"169,900",CH,1567,2964,8160,98,,47.5581077,7.5878261
Switzerland,Bern,Bern,"131,600",CH,1636,2945,7481,96,,46.9484742,7.4521749
Switzerland,Geneva,Geneva,"198,100",CH,2137,3577,7638,97,,46.2017559,6.1466014
Switzerland,Vaud,Lausanne,"135,600",CH,1703,3069,7412,96,,46.5218269,6.6327025
Switzerland,Zürich,Winterthur,"108,300",CH,1820,3207,7786,98,,47.4991723,8.7291498
Switzerland,Zürich,Zürich,"397,000",CH,2299,3691,8151,100,,47.3744489,8.5410422
Serbia,Šumadija and Western Serbia,Kragujevac,"150,800",RS,447,918,833,64,,44.0131786,20.9196353
Serbia,Southern and Eastern Serbia,Niš,"186,200",RS,400,819,826,62,,43.3211301,21.8959232
Serbia,Vojvodina,Novi Sad,"285,500",RS,603,1141,971,68,,45.2551338,19.8451756
Serbia,Vojvodina,Subotica,"104,400",RS,419,832,722,47,,46.1002058,19.6653273
Slovakia,Bratislava,Bratislava,"478,040",SK,854,1497,1662,82,,48.1516988,17.1093063
Slovakia,Košice,Kosice,"225,044",SK,850,1436,1454,73,,48.7172272,21.2496774
Slovenia,Ljubljana,Ljubljana,"288,382",SI,962,1640,1837,82,,46.0500268,14.5069289
Ukraine,Kyiv Oblast,Bila Tserkva,"208,737",UA,196,497,476,45,,49.7969703,30.1158069
Ukraine,Cherkasy Oblast,Cherkasy,"272,651",UA,213,498,458,42,,49.1460165,31.2271744
Ukraine,Chernihiv Oblast,Chernihiv,"285,234",UA,212,516,474,56,,51.272593,31.7417235
Ukraine,Chernivtsi Oblast,Chernivtsi,"265,471",UA,257,545,422,55,,48.3810791,26.1081673
Ukraine,Dnipropetrovsk Oblast,Dnipro,"980,948",UA,381,790,428,60,,49.6243131,31.6666824
Ukraine,Donetsk Oblast,Donetsk,"905,364",UA,260,516,433,42,,48.0158753,37.8013407
Ukraine,Donetsk Oblast,Horlivka,"241,106",UA,309,650,424,41,,48.3058686,38.0027664
Ukraine,Ivano-Frankivsk Oblast,Ivano-Frankivsk,"237,855",UA,234,482,383,43,,48.7481718,24.5207477
Ukraine,Dnipropetrovsk Oblast,Kamianske,"229,794",UA,316,656,471,45,,48.5167748,34.6068797
Ukraine,Kharkiv Oblast,Kharkiv,"1,433,886",UA,203,510,434,63,,49.9923181,36.2310146
Ukraine,Kherson Oblast,Kherson,"283,649",UA,144,420,371,43,,46.5421715,33.4079326
Ukraine,Khmelnytskyi Oblast,Khmelnytskyi,"274,582",UA,231,535,423,54,,49.268624,27.0635998
Ukraine,Donetsk Oblast,Kramatorsk,"164,700",UA,306,639,474,41,,48.7389415,37.5843812
Ukraine,Poltava Oblast,Kremenchuk,"217,710",UA,182,440,433,40,,49.0928529,33.4308188
Ukraine,Kirovohrad Oblast,Kropyvnytskyi,"222,695",UA,239,616,417,40,,48.5105805,32.2656283
Ukraine,Dnipropetrovsk Oblast,Kryvyi Rih,"646,748",UA,220,503,337,41,,47.9102734,33.3917703
Ukraine,Luhansk Oblast,Luhansk,"399,559",UA,423,732,418,40,,49.2724587,38.9150477
Ukraine,Volyn Oblast,Lutsk,"217,197",UA,284,546,401,56,,50.7450733,25.320078
Ukraine,Lviv Oblast,Lviv,"717,486",UA,399,762,441,65,,49.841952,24.0315921
Ukraine,Donetsk Oblast,Makiivka,"340,337",UA,266,534,421,40,,48.0448144,37.9635093
Ukraine,Donetsk Oblast,Mariupol,"431,859",UA,229,539,418,41,,47.0957648,37.5499621
Ukraine,Zaporizhzhia Oblast,Melitopol,"150,768",UA,265,545,428,39,,46.8467267,35.3827281
Ukraine,Mykolaiv Oblast,Mykolaiv,"476,101",UA,197,516,463,59,,47.3886032,31.9442334
Ukraine,Poltava Oblast,Poltava,"283,402",UA,227,479,460,42,,49.8607809,33.7498787
Ukraine,Rivne Oblast,Rivne,"245,289",UA,253,439,414,56,,51.2074112,26.5208033
Ukraine,Luhansk Oblast,Sievierodonetsk,"101,135",UA,331,633,425,39,,48.9478698,38.4936475
Ukraine,Sumy Oblast,Sumy,"259,660",UA,216,496,431,41,,50.9119775,34.8027723
Ukraine,Ternopil Oblast,Ternopil,"225,238",UA,191,465,426,43,,49.6630002,25.6167516
Ukraine,Zakarpattia Oblast,Uzhhorod,"115,442",UA,249,494,471,41,,48.6223731,22.3022572
Ukraine,Vinnytsia Oblast,Vinnytsia,"370,601",UA,275,603,423,43,,48.8990315,28.516068
Ukraine,Zhytomyr Oblast,Zhytomyr,"263,507",UA,257,586,396,54,,50.9080532,28.3867504
